-- phpMyAdmin SQL Dump
-- version 4.7.4
-- https://www.phpmyadmin.net/
--
-- Host: 127.0.0.1
-- Generation Time: 2018 年 1 朁E21 日 11:57
-- サーバのバージョン： 10.1.26-MariaDB
-- PHP Version: 7.1.9

SET SQL_MODE = "NO_AUTO_VALUE_ON_ZERO";
SET AUTOCOMMIT = 0;
START TRANSACTION;
SET time_zone = "+00:00";


/*!40101 SET @OLD_CHARACTER_SET_CLIENT=@@CHARACTER_SET_CLIENT */;
/*!40101 SET @OLD_CHARACTER_SET_RESULTS=@@CHARACTER_SET_RESULTS */;
/*!40101 SET @OLD_COLLATION_CONNECTION=@@COLLATION_CONNECTION */;
/*!40101 SET NAMES utf8mb4 */;

--
-- Database: `gatti`
--

-- --------------------------------------------------------

--
-- テーブルの構造 `friend-add`
--

CREATE TABLE `friend-add` (
  `relation_number` int(11) NOT NULL,
  `creater_id` int(11) NOT NULL,
  `random` varchar(255) NOT NULL,
  `inputer_id` int(11) DEFAULT NULL,
  `random_created` datetime NOT NULL,
  `relation_created` datetime NOT NULL
) ENGINE=InnoDB DEFAULT CHARSET=utf8;

--
-- テーブルのデータのダンプ `friend-add`
--

INSERT INTO `friend-add` (`relation_number`, `creater_id`, `random`, `inputer_id`, `random_created`, `relation_created`) VALUES
(219, 114, 'GYMHlZ20SVo84jClp38V', 81, '2018-01-11 03:13:22', '2018-01-11 03:53:25'),
(220, 143, 'GYMHlZ20SVo84jClp38V', 81, '2018-01-11 03:13:41', '2018-01-11 03:53:25'),
(221, 177, 'GYMHlZ20SVo84jClp38V', 81, '2018-01-11 03:13:51', '2018-01-11 03:53:25'),
(222, 170, 'GYMHlZ20SVo84jClp38V', 81, '2018-01-11 03:14:15', '2018-01-11 03:53:25'),
(223, 156, 'GYMHlZ20SVo84jClp38V', 81, '2018-01-11 03:14:24', '2018-01-11 03:53:25'),
(224, 152, 'GYMHlZ20SVo84jClp38V', 81, '2018-01-11 03:17:56', '2018-01-11 03:53:25'),
(225, 123, 'GYMHlZ20SVo84jClp38V', 81, '2018-01-11 03:18:21', '2018-01-11 03:53:25'),
(346, 143, 'UFnKpLfo1vcaoFQ8PjmA', NULL, '2018-01-16 12:42:30', '0000-00-00 00:00:00'),
(347, 146, 'K6zhIIEKAmbKV5hgWnvI', NULL, '2018-01-16 12:42:36', '0000-00-00 00:00:00'),
(348, 104, 'WfErFv8OFyBryVTS0qvi', NULL, '2018-01-16 12:42:38', '0000-00-00 00:00:00'),
(349, 160, 'GwiK6GUEQz04TqTuUkEW', NULL, '2018-01-16 12:42:39', '0000-00-00 00:00:00'),
(350, 161, 'yG5BVc7Go2KZtqI2a5sk', NULL, '2018-01-16 12:42:39', '0000-00-00 00:00:00'),
(351, 170, 'xfUYp1bJgEBfnsgnDvPY', NULL, '2018-01-16 12:42:43', '0000-00-00 00:00:00'),
(352, 168, 'LgJM9YGhD6Jy6Oau0JU3', NULL, '2018-01-16 12:47:33', '0000-00-00 00:00:00');

-- --------------------------------------------------------

--
-- テーブルの構造 `gatch`
--

CREATE TABLE `gatch` (
  `gatch_id` int(11) NOT NULL,
  `requesting_user` int(11) NOT NULL,
  `receive_user` int(11) NOT NULL,
  `gatch` int(11) NOT NULL,
  `request_created` datetime NOT NULL
) ENGINE=InnoDB DEFAULT CHARSET=utf8;

--
-- テーブルのデータのダンプ `gatch`
--

INSERT INTO `gatch` (`gatch_id`, `requesting_user`, `receive_user`, `gatch`, `request_created`) VALUES
(1, 8, 2, 1, '2018-01-09 01:55:09'),
(2, 10, 2, 2, '2018-01-09 01:55:11'),
(3, 9, 2, 1, '2018-01-09 01:55:11'),
(4, 7, 2, 2, '2018-01-09 01:55:12'),
(5, 6, 2, 1, '2018-01-09 01:55:12'),
(6, 7, 2, 1, '2018-01-09 01:55:45'),
(7, 8, 2, 1, '2018-01-09 01:55:45'),
(8, 10, 2, 1, '2018-01-09 01:55:45'),
(9, 9, 2, 1, '2018-01-09 01:55:47'),
(10, 7, 2, 1, '2018-01-09 01:58:06'),
(11, 6, 2, 1, '2018-01-09 01:58:06'),
(12, 9, 2, 1, '2018-01-09 01:58:07'),
(13, 10, 2, 1, '2018-01-09 01:58:07'),
(14, 8, 2, 1, '2018-01-09 02:00:10'),
(15, 10, 2, 1, '2018-01-09 02:00:12'),
(16, 9, 2, 1, '2018-01-09 02:00:12'),
(17, 7, 2, 1, '2018-01-09 02:00:12'),
(18, 6, 2, 1, '2018-01-09 02:00:13'),
(19, 6, 2, 1, '2018-01-09 08:56:27');

-- --------------------------------------------------------

--
-- テーブルの構造 `gatchi_users`
--

CREATE TABLE `gatchi_users` (
  `user_id` int(11) NOT NULL,
  `user_name` varchar(255) NOT NULL,
  `email` varchar(255) NOT NULL,
  `password` varchar(100) NOT NULL,
  `picture` varchar(255) NOT NULL,
  `login` int(11) NOT NULL,
  `conditions` varchar(255) NOT NULL,
  `tubuyaki` varchar(255) NOT NULL,
  `reason` varchar(255) NOT NULL,
  `created` timestamp NOT NULL DEFAULT CURRENT_TIMESTAMP ON UPDATE CURRENT_TIMESTAMP
) ENGINE=InnoDB DEFAULT CHARSET=utf8;

--
-- テーブルのデータのダンプ `gatchi_users`
--

INSERT INTO `gatchi_users` (`user_id`, `user_name`, `email`, `password`, `picture`, `login`, `conditions`, `tubuyaki`, `reason`, `created`) VALUES
(1, 'uz', 'uz@uz', 'uzuzuz', '01.jpg', 1, 'i_cafe.gif', '山形さむい', '', '2018-01-20 14:19:06'),
(2, 'uz', 'uz@uz', 'uzuzuz', '01.jpg', 1, 'i_drive.gif', 'セブあったかい', '', '2018-01-20 14:19:16'),
(3, 'kin', 'kin@kin', 'kinkin', '02.jpg', 1, 'i_drive.gif', '', '', '2018-01-20 09:58:52'),
(4, 'anna', 'anna@anna', 'hanaserebu', 'S_7141885651830.jpg', 1, 'i_drive.gif', 'aaaaa\r\n', '', '2018-01-20 09:58:45'),
(5, 'あんころ', 'email@email', 'aaaaaaa', '1509966892109.jpg', 1, 'i_drive.gif', 'よろしくね', '', '2018-01-20 14:18:54'),
(6, 'aaa', 'aaa@aaa', 'aaaaaa', 'S_7143680304470.jpg', 1, 'i_drive.gif', 'aaaaaa', '', '2018-01-20 09:58:38'),
(7, 'tomtom', 'tom@tom', 'tomtom', '13510992_631285117023642_3324587263948177690_n.jpg', 1, 'i_drive.gif', 'こんにちは', '', '2018-01-20 14:23:24'),
(8, 'yuki', 'yuki@yuki', 'yukiyuki', '13510992_631285117023642_3324587263948177690_n.jpg', 1, 'i_drive.gif', 'こんばんわ', '', '2018-01-20 14:18:43');

-- --------------------------------------------------------

--
-- テーブルの構造 `gatch_chat`
--

CREATE TABLE `gatch_chat` (
  `id` int(11) NOT NULL,
  `users_id` int(11) NOT NULL,
  `other_id` int(11) NOT NULL,
  `chat` varchar(255) NOT NULL,
  `chat_other` varchar(255) NOT NULL,
  `created` datetime NOT NULL,
  `updated` timestamp NOT NULL DEFAULT CURRENT_TIMESTAMP ON UPDATE CURRENT_TIMESTAMP
) ENGINE=InnoDB DEFAULT CHARSET=utf8;

--
-- テーブルのデータのダンプ `gatch_chat`
--

INSERT INTO `gatch_chat` (`id`, `users_id`, `other_id`, `chat`, `chat_other`, `created`, `updated`) VALUES
(1, 8, 4, 'aaa', '0', '2018-01-09 21:28:34', '2018-01-09 12:28:34'),
(2, 4, 8, 'aaaa', '0', '2018-01-09 22:19:31', '2018-01-10 03:31:36'),
(3, 4, 8, 'qaa', '0', '2018-01-09 22:20:59', '2018-01-10 03:31:45'),
(4, 8, 4, 'aaa', '', '2018-01-10 00:46:53', '2018-01-09 15:46:53'),
(5, 8, 4, 'gsdaadgagdagaag', 'aaa', '2018-01-10 00:48:19', '2018-01-10 03:35:39'),
(6, 8, 4, 'hdaahad', 'aaa', '2018-01-10 00:48:19', '2018-01-10 03:35:42'),
(7, 4, 8, 'gaasadda', 'aaa', '2018-01-10 00:48:19', '2018-01-10 03:35:44'),
(8, 6666666, 8, '不正データだよ', 'aaa', '2018-01-10 00:48:19', '2018-01-10 03:38:04'),
(9, 8, 4, 'ｆｄｓｆｄｓｇｓ', '', '2018-01-10 12:48:49', '2018-01-10 03:48:49'),
(10, 8, 4, '', '', '2018-01-10 12:48:49', '2018-01-10 03:48:49'),
(11, 8, 4, 'ｆｄｄｆｄ', '', '2018-01-10 12:48:57', '2018-01-10 03:48:57'),
(12, 8, 4, '', '', '2018-01-10 12:48:57', '2018-01-10 03:48:57'),
(13, 8, 4, 'おおおお\r\n', '', '2018-01-10 12:49:25', '2018-01-10 03:49:25'),
(14, 8, 4, '', '', '2018-01-10 12:49:25', '2018-01-10 03:49:25'),
(15, 8, 4, '', '', '2018-01-10 12:49:36', '2018-01-10 03:49:36'),
(16, 8, 4, '', '', '2018-01-10 12:49:36', '2018-01-10 03:49:36'),
(17, 8, 4, '', '', '2018-01-10 12:49:38', '2018-01-10 03:49:38'),
(18, 8, 4, '', '', '2018-01-10 12:49:38', '2018-01-10 03:49:38'),
(19, 8, 4, 'zzdfl\r\n:', '', '2018-01-11 12:08:25', '2018-01-11 03:08:25'),
(20, 8, 4, '', '', '2018-01-11 12:08:25', '2018-01-11 03:08:25'),
(21, 8, 4, 'lp;yf@p]l;:llgj', '', '2018-01-11 12:08:29', '2018-01-11 03:08:29'),
(22, 8, 4, '', '', '2018-01-11 12:08:29', '2018-01-11 03:08:29'),
(23, 8, 4, '', '', '2018-01-11 12:13:25', '2018-01-11 03:13:25'),
(24, 8, 4, 'aaaaa', '', '2018-01-11 12:13:28', '2018-01-11 03:13:28'),
(25, 8, 4, '', '', '2018-01-11 12:13:29', '2018-01-11 03:13:29'),
(26, 8, 4, '', '', '2018-01-11 12:13:29', '2018-01-11 03:13:29'),
(27, 8, 4, '', '', '2018-01-11 12:13:30', '2018-01-11 03:13:30'),
(28, 8, 4, '', '', '2018-01-11 12:13:30', '2018-01-11 03:13:30'),
(29, 8, 4, '', '', '2018-01-11 12:13:31', '2018-01-11 03:13:31'),
(30, 8, 4, 'fff', '', '2018-01-11 12:13:33', '2018-01-11 03:13:33'),
(31, 8, 4, 'aaaa', '', '2018-01-11 12:13:37', '2018-01-11 03:13:37'),
(32, 8, 4, 'aaaa', '', '2018-01-11 12:13:41', '2018-01-11 03:13:41'),
(33, 8, 4, 'ffffff', '', '2018-01-11 12:13:44', '2018-01-11 03:13:44'),
(34, 8, 4, 'aaaaa', '', '2018-01-11 12:14:05', '2018-01-11 03:14:05'),
(35, 8, 4, '', '', '2018-01-11 12:14:06', '2018-01-11 03:14:06'),
(36, 8, 4, '', '', '2018-01-11 12:14:07', '2018-01-11 03:14:07'),
(37, 8, 4, '[@alaprla', '', '2018-01-11 12:14:10', '2018-01-11 03:14:10'),
(38, 8, 4, 'dcl;sm;sz,.', '', '2018-01-11 12:14:13', '2018-01-11 03:14:13'),
(39, 8, 4, 'opjramlk;c,m', '', '2018-01-11 12:14:18', '2018-01-11 03:14:18'),
(40, 8, 4, '', '', '2018-01-11 12:14:18', '2018-01-11 03:14:18'),
(41, 4, 8, 'aaaa', '', '2018-01-11 12:15:09', '2018-01-11 03:15:09'),
(42, 4, 8, '', '', '2018-01-11 12:15:09', '2018-01-11 03:15:09'),
(43, 4, 8, 'asdsddd', '', '2018-01-11 12:15:13', '2018-01-11 03:15:13'),
(44, 4, 8, '', '', '2018-01-11 12:15:13', '2018-01-11 03:15:13'),
(45, 4, 8, 'aaaaa', '', '2018-01-11 12:15:38', '2018-01-11 03:15:38'),
(46, 4, 8, 'ddddd', '', '2018-01-11 12:15:41', '2018-01-11 03:15:41'),
(47, 4, 8, ';;;;;', '', '2018-01-11 12:15:48', '2018-01-11 03:15:48'),
(48, 8, 4, 'aaaaa', '', '2018-01-11 12:16:47', '2018-01-11 03:16:47'),
(49, 8, 4, 'sssss', '', '2018-01-11 12:16:51', '2018-01-11 03:16:51'),
(50, 8, 4, '', '', '2018-01-11 12:18:56', '2018-01-11 03:18:56'),
(51, 8, 4, '', '', '2018-01-11 12:19:28', '2018-01-11 03:19:28'),
(52, 8, 4, '', '', '2018-01-11 12:19:29', '2018-01-11 03:19:29'),
(53, 8, 4, 'aaaa', '', '2018-01-11 12:20:10', '2018-01-11 03:20:10'),
(54, 8, 4, 'aaaa', '', '2018-01-11 12:20:16', '2018-01-11 03:20:16'),
(55, 8, 4, 'dddd', '', '2018-01-11 12:20:22', '2018-01-11 03:20:22'),
(56, 8, 4, 'kkkk', '', '2018-01-11 12:20:26', '2018-01-11 03:20:26'),
(57, 8, 4, ';[;;;;;', '', '2018-01-11 12:20:39', '2018-01-11 03:20:39'),
(58, 8, 4, 'aaa\r\n\r\n', '', '2018-01-11 12:43:49', '2018-01-11 03:43:49'),
(59, 8, 4, '', '', '2018-01-11 12:48:16', '2018-01-11 03:48:16'),
(60, 8, 4, '', '', '2018-01-11 12:48:18', '2018-01-11 03:48:18'),
(61, 8, 4, 'aaaaaa', '', '2018-01-11 12:50:49', '2018-01-11 03:50:49'),
(62, 4, 8, 'ああああ', '', '2018-01-12 18:36:52', '2018-01-12 09:36:52'),
(63, 4, 8, 'aaaa', '', '2018-01-12 18:43:14', '2018-01-12 09:43:14'),
(64, 4, 8, 'aaa', '', '2018-01-12 18:43:19', '2018-01-12 09:43:19'),
(65, 4, 8, 'aaa', '', '2018-01-12 18:48:39', '2018-01-12 09:48:39'),
(66, 4, 8, 'aaaa', '', '2018-01-12 18:53:57', '2018-01-12 09:53:57'),
(67, 4, 8, 'dddd', '', '2018-01-12 18:54:02', '2018-01-12 09:54:02'),
(68, 4, 8, 'aaa', '', '2018-01-12 18:54:55', '2018-01-12 09:54:55'),
(69, 4, 8, 'aaa', '', '2018-01-12 18:55:51', '2018-01-12 09:55:51'),
(70, 4, 8, 'aaa', '', '2018-01-12 18:55:55', '2018-01-12 09:55:55'),
(71, 4, 8, 'aaa', '', '2018-01-12 18:56:45', '2018-01-12 09:56:45'),
(72, 4, 8, 'aaaa\r\n', '', '2018-01-12 19:01:37', '2018-01-12 10:01:37'),
(73, 4, 8, 'aaaa\r\n', '', '2018-01-12 19:04:29', '2018-01-12 10:04:29'),
(74, 4, 8, 'aaaa\r\n', '', '2018-01-12 19:05:13', '2018-01-12 10:05:13'),
(75, 4, 8, 'aaaa', '', '2018-01-12 19:08:25', '2018-01-12 10:08:25'),
(76, 4, 8, 'aaaa', '', '2018-01-12 19:09:29', '2018-01-12 10:09:29'),
(77, 8, 4, 'aaaa', '', '2018-01-12 19:10:48', '2018-01-12 10:10:48'),
(78, 8, 4, 'ああああ', '', '2018-01-12 19:10:59', '2018-01-12 10:10:59'),
(79, 4, 8, 'ああああ', '', '2018-01-12 19:11:17', '2018-01-12 10:11:17'),
(80, 8, 4, 'ああああ', '', '2018-01-12 19:12:35', '2018-01-12 10:12:35'),
(81, 8, 4, 'ああああ', '', '2018-01-12 19:13:26', '2018-01-12 10:13:26'),
(82, 8, 4, 'ああああ', '', '2018-01-12 19:13:31', '2018-01-12 10:13:31'),
(83, 8, 4, 'ああああ', '', '2018-01-12 19:13:38', '2018-01-12 10:13:38'),
(84, 8, 4, 'ああああ', '', '2018-01-12 19:17:45', '2018-01-12 10:17:45'),
(85, 8, 4, 'あああ', '', '2018-01-12 19:18:27', '2018-01-12 10:18:27'),
(86, 8, 4, 'ええええ', '', '2018-01-12 19:18:33', '2018-01-12 10:18:33'),
(87, 8, 4, 'ああああ', '', '2018-01-12 19:18:52', '2018-01-12 10:18:52'),
(88, 8, 4, 'あああああ', '', '2018-01-12 19:18:57', '2018-01-12 10:18:57'),
(89, 8, 4, 'あああああ', '', '2018-01-12 21:00:36', '2018-01-12 12:00:36'),
(90, 8, 4, 'qqq', '', '2018-01-13 20:59:28', '2018-01-13 11:59:28'),
(91, 8, 4, 'qqq', '', '2018-01-13 21:06:49', '2018-01-13 12:06:49'),
(92, 8, 4, 'aaaa', '', '2018-01-13 21:06:57', '2018-01-13 12:06:57'),
(93, 8, 4, 'a\r\n', '', '2018-01-13 21:08:02', '2018-01-13 12:08:02'),
(94, 8, 4, 'a\r\n', '', '2018-01-13 21:12:26', '2018-01-13 12:12:26'),
(95, 8, 4, 'aaaa', '', '2018-01-13 21:14:10', '2018-01-13 12:14:10'),
(96, 8, 4, 'aaaa', '', '2018-01-13 21:14:40', '2018-01-13 12:14:40'),
(97, 8, 4, 'aaaa', '', '2018-01-13 21:14:49', '2018-01-13 12:14:49'),
(98, 8, 4, 'ddddd', '', '2018-01-13 21:14:53', '2018-01-13 12:14:53'),
(99, 8, 4, 'ddddd', '', '2018-01-13 21:16:18', '2018-01-13 12:16:18'),
(100, 8, 4, 'ddddd', '', '2018-01-13 21:23:57', '2018-01-13 12:23:57'),
(101, 8, 4, 'あああ', '', '2018-01-13 21:24:05', '2018-01-13 12:24:05'),
(102, 4, 8, 'あああ', '', '2018-01-13 21:28:38', '2018-01-13 12:28:38'),
(103, 4, 8, 'ああああ', '', '2018-01-13 21:28:47', '2018-01-13 12:28:47'),
(104, 4, 8, 'aaaaaa', '', '2018-01-14 18:33:55', '2018-01-14 09:33:55'),
(105, 4, 8, 'aaaa', '', '2018-01-14 18:40:17', '2018-01-14 09:40:17'),
(106, 8, 4, 'もげもげ', '', '2018-01-14 18:50:34', '2018-01-14 09:50:34'),
(107, 8, 4, 'もげもげ', '', '2018-01-14 18:52:42', '2018-01-14 09:52:42'),
(108, 8, 4, 'aaaa', '', '2018-01-14 19:12:43', '2018-01-14 10:12:43'),
(109, 8, 4, 'ああああ', '', '2018-01-14 19:45:10', '2018-01-14 10:45:10'),
(110, 8, 4, 'あああ', '', '2018-01-14 19:50:18', '2018-01-14 10:50:18'),
(111, 8, 4, 'ｋｋｋｋ', '', '2018-01-14 19:50:26', '2018-01-14 10:50:26'),
(112, 8, 4, 'あああ', '', '2018-01-14 22:02:48', '2018-01-14 13:02:48'),
(113, 4, 8, 'あああ', '', '2018-01-14 22:03:24', '2018-01-14 13:03:24'),
(114, 4, 8, 'ああああ', '', '2018-01-14 22:03:30', '2018-01-14 13:03:30'),
(115, 4, 8, 'ｌｌｌｌ', '', '2018-01-14 22:03:34', '2018-01-14 13:03:34'),
(116, 8, 4, 'aaa', '', '2018-01-15 12:54:00', '2018-01-15 03:54:00'),
(117, 8, 4, 'aaa', '', '2018-01-15 12:54:39', '2018-01-15 03:54:39'),
(118, 8, 4, 'aaa', '', '2018-01-15 12:54:48', '2018-01-15 03:54:48'),
(119, 8, 4, 'oooo', '', '2018-01-15 12:54:52', '2018-01-15 03:54:52'),
(120, 8, 4, 'aaaa', '', '2018-01-15 15:03:28', '2018-01-15 06:03:28'),
(121, 8, 4, 'こんにちは', '', '2018-01-15 15:04:00', '2018-01-15 06:04:00'),
(122, 4, 2, 'こんにちは', '', '2018-01-20 17:02:18', '2018-01-20 08:02:18'),
(123, 4, 2, 'やあ\r\n', '', '2018-01-20 17:09:58', '2018-01-20 08:09:58'),
(124, 4, 2, 'やあ', '', '2018-01-20 17:12:09', '2018-01-20 08:12:09'),
(125, 7, 3, 'aaaa', '', '2018-01-20 21:54:42', '2018-01-20 12:54:42'),
(126, 7, 3, 'sssss', '', '2018-01-20 21:54:48', '2018-01-20 12:54:48'),
(127, 7, 1, 'やあ', '', '2018-01-20 21:55:15', '2018-01-20 12:55:15'),
(128, 8, 2, 'axcascnc;q', '', '2018-01-20 22:26:23', '2018-01-20 13:26:23'),
(129, 8, 2, 'ascnacwq;c', '', '2018-01-20 22:26:26', '2018-01-20 13:26:26'),
(130, 1, 8, 'aca:sm', '', '2018-01-20 22:27:40', '2018-01-20 13:27:40'),
(131, 1, 8, 'aaaaaaaa', '', '2018-01-20 22:28:20', '2018-01-20 13:28:20'),
(132, 8, 1, 'aaaa\r\n', '', '2018-01-20 22:29:09', '2018-01-20 13:29:09');

-- --------------------------------------------------------

--
-- テーブルの構造 `gatch_push`
--

CREATE TABLE `gatch_push` (
  `id` int(11) NOT NULL,
  `user_id` int(11) NOT NULL,
  `other_id` int(11) NOT NULL,
  `created` timestamp NOT NULL DEFAULT '0000-00-00 00:00:00' ON UPDATE CURRENT_TIMESTAMP
) ENGINE=InnoDB DEFAULT CHARSET=utf8;

-- --------------------------------------------------------

--
-- テーブルの構造 `users`
--

CREATE TABLE `users` (
  `id` int(11) NOT NULL,
  `username` varchar(255) CHARACTER SET latin1 NOT NULL,
  `email` varchar(255) CHARACTER SET latin1 NOT NULL,
  `password` varchar(255) CHARACTER SET latin1 NOT NULL,
  `profileImage` varchar(255) CHARACTER SET latin1 NOT NULL,
  `conditioned` varchar(255) CHARACTER SET latin1 NOT NULL,
  `created` datetime NOT NULL,
  `updated` timestamp NOT NULL DEFAULT CURRENT_TIMESTAMP ON UPDATE CURRENT_TIMESTAMP,
  `login` int(11) NOT NULL
) ENGINE=InnoDB DEFAULT CHARSET=utf8;

--
-- テーブルのデータのダンプ `users`
--

INSERT INTO `users` (`id`, `username`, `email`, `password`, `profileImage`, `conditioned`, `created`, `updated`, `login`) VALUES
(1, 'aaaa', 'aaaa@aaaa', 'aaaa', '01.jpg', '1', '2017-12-28 16:33:28', '2018-01-15 03:27:41', 1),
(3, 'yusuke', 'yusuke@yusuke', 'yusukeyusuke', 'news_17967_7 (2).jpg', 'i_drive.gif', '2018-01-03 18:46:46', '2018-01-13 09:41:01', 1),
(4, 'uz', 'uz@uz', 'uzuz', '01.jpg', 'i_drive.gif', '2018-01-03 22:42:15', '2018-01-13 09:41:05', 1),
(5, 'aaaaa', '', '', '02.jpg', 'i_drive.gif', '0000-00-00 00:00:00', '2018-01-13 09:41:08', 1),
(6, 'bbbbb', '', '', '03.jpg', '1', '0000-00-00 00:00:00', '2018-01-13 10:44:46', 1),
(7, 'ccccc', '', '', '06.jpg', '2', '0000-00-00 00:00:00', '2018-01-13 05:50:13', 1),
(8, 'ddddd', '', '', '	profile.jpg', '2', '0000-00-00 00:00:00', '2018-01-12 15:29:43', 1),
(9, 'eeeee', '', '', '06.jpg', '1', '0000-00-00 00:00:00', '2018-01-13 10:44:49', 1),
(10, 'fffff', '', '', '01.jpg', '3', '0000-00-00 00:00:00', '2018-01-12 15:19:22', 1),
(11, 'ggggg', '', '', '03.jpg', '1', '0000-00-00 00:00:00', '2018-01-13 10:44:52', 1),
(12, 'hhhhh', '', '', '02.jpg', '3', '0000-00-00 00:00:00', '2018-01-12 15:19:13', 1),
(13, 'iiiii', '', '', '06.jpg', 'i_drive.gif', '0000-00-00 00:00:00', '2018-01-13 09:41:13', 1),
(14, 'jjjj', '', '', '03.jpg', '2', '0000-00-00 00:00:00', '2018-01-12 15:18:54', 1);

--
-- Indexes for dumped tables
--

--
-- Indexes for table `friend-add`
--
ALTER TABLE `friend-add`
  ADD PRIMARY KEY (`relation_number`);

--
-- Indexes for table `gatch`
--
ALTER TABLE `gatch`
  ADD PRIMARY KEY (`gatch_id`);

--
-- Indexes for table `gatchi_users`
--
ALTER TABLE `gatchi_users`
  ADD PRIMARY KEY (`user_id`);

--
-- Indexes for table `gatch_chat`
--
ALTER TABLE `gatch_chat`
  ADD PRIMARY KEY (`id`);

--
-- Indexes for table `gatch_push`
--
ALTER TABLE `gatch_push`
  ADD PRIMARY KEY (`id`);

--
-- Indexes for table `users`
--
ALTER TABLE `users`
  ADD PRIMARY KEY (`id`);

--
-- AUTO_INCREMENT for dumped tables
--

--
-- AUTO_INCREMENT for table `friend-add`
--
ALTER TABLE `friend-add`
  MODIFY `relation_number` int(11) NOT NULL AUTO_INCREMENT, AUTO_INCREMENT=353;

--
-- AUTO_INCREMENT for table `gatch`
--
ALTER TABLE `gatch`
  MODIFY `gatch_id` int(11) NOT NULL AUTO_INCREMENT, AUTO_INCREMENT=20;

--
-- AUTO_INCREMENT for table `gatchi_users`
--
ALTER TABLE `gatchi_users`
  MODIFY `user_id` int(11) NOT NULL AUTO_INCREMENT, AUTO_INCREMENT=9;

--
-- AUTO_INCREMENT for table `gatch_chat`
--
ALTER TABLE `gatch_chat`
  MODIFY `id` int(11) NOT NULL AUTO_INCREMENT, AUTO_INCREMENT=133;

--
-- AUTO_INCREMENT for table `gatch_push`
--
ALTER TABLE `gatch_push`
  MODIFY `id` int(11) NOT NULL AUTO_INCREMENT;

--
-- AUTO_INCREMENT for table `users`
--
ALTER TABLE `users`
  MODIFY `id` int(11) NOT NULL AUTO_INCREMENT, AUTO_INCREMENT=15;
COMMIT;

/*!40101 SET CHARACTER_SET_CLIENT=@OLD_CHARACTER_SET_CLIENT */;
/*!40101 SET CHARACTER_SET_RESULTS=@OLD_CHARACTER_SET_RESULTS */;
/*!40101 SET COLLATION_CONNECTION=@OLD_COLLATION_CONNECTION */;
